anvit2006|1
aravkrishnan|1
aravkrishnanproductions|1
chinayrah.sharma|1
dhruvkrishnan_123|1
fravking_the_coder|1
its_akshaya_duhhh|1
kapakhacapman|1
karantalgeri|1s
manognyareddy521|1
neevindiewarriors|1
nishchithmoses|1
ram.tewari_01|1
saania_sings|1
sodakannadi|1
tejas_s89|1
two_eyes_in_the_dark|1
ufkhhdkhd|1
vidya.krshnkmr|1
_aida1601|0
disha.aadiya|0
devanshi_kaura|1
nachike3t_07|1
srinidhi2304|1
_siddhantbajaj|1
ranai_rai07|1
china___cat|0
___lochan_999|1
onkar_20004|0
shaaunakbajaj|0
anaaita0017|0
dhruv_karai|0
seiyamutreja|0
_tejas.reddy_|0
jxmwdfdl|0
j33t_11|0
ram_loves_fatfingers|0
vivaan2757|1
kaahinee|0
_rohini_arya_|0
v.a.m.a.s|0
arun.srinivasa|0
mihika.gupta_|0
dhruv.ramu.1403|1
art__allure|1
amulya_amar_|0
waskandaforeva|0
anyashenoy|0
arun_ananya_|1
daksh_sarawgi|1
earth2anahita|0
mudit.kohliii|0
aanya_1311|0
megzganesh|0
siddravid|0
aryan131509|1
vecnas_left_hand|1
decharge_camera|0
random_pic_user|0
decaf_is_the_death_of_desire|0
ansh1ka2|1
saahas.ajmera|1
jiana_morzaria|0
pranat_1804|1
_aidaaa1216|0
majid__1878|0
pranvi.k.b|0
aryanxshankar|0
desuita_official|1
sohammaruwada|1
neilsarin.priv|0
aadinotaudi|1
vishal_arun7|1
rishik_reddy19|0
neil._.sarin|0
shourya.kohli|0
5unav|0
raghavchoudhuri|1
aryaman_manik|0
tan_is_h|1
shenaya0612|0
shhivvaniii|0
shriyakaruturi_|0
apparentlysamisings|1
_riyamehta._|0
saanvi_sharath|0
varunnair14|1
ainee_sajid|0
swagunav|0
dru_gupta|0
manju.sujith.10|0
sanvi_23076|1
shaluuu_.r|1
suri_x_21|0
sanjana_ganesh_81|0
raginiix|0
neillbraganza|1
sugar_sweet_suruuuu|0
unknown1208566|0
naviya.jain|0
darsh_.0102|0
neevacademy_confessions|-1
xoxo_tanishi|-1
lujaynfazal|-1
aryan_varmas|-1
_samithab_|-1
sia_godika|-1
aditya_braganza|-1
notreallykabir|-1
aryan.spam.varma|-1
yuvika_3205|-1
saania.kaushik|-1
yashmita_sipani|-1
ut_ka_rsh|-1
hrehaan__18|-1
rishikeshsrivatsan|-1
_ananyaa.v_|-1
anu_choudhari27|-1
nishitachatlani|-1
hi_danny.xyz|-1
zoyaaa_2008|-1
arjun.varmas|-1
akissoflove2|-1
ananyasingla2004|-1
acro_brat.ani|-1
navyaa358_|-1
ady_kaila|-1
urvi0193|0
jeet_1127|0
tarun.padmanabhan|0
laranambisan|-1
ishaanvarior|0
ebb_plus_flow|1
deeps.sswain|-1
desuita._.pvt|0
aryamanvipul|0
nidhi_nair21|0
nevyn31|-1
impranaavramana|-1
krisha.sureka|-1
saiesha_dogladyyy|0
shivikaagupta06|-1
maitreiya_vohra|0
shaurya_033|0
hanayenepoya|-1
jeezdevi|0
an_mary098|1
rakhi.mutreja|0
sunukingi|1
aaradhita_v|1
shashank2102|0
aryan_art2005|1
aryaman.bansal_|0
yashashree2411|0
ashwani_vivek|0
vivotanikella|0
tgryeet|-1
needs_therapy_spam_|0
mors.tua__vita.mea|-1
shereen_09_|-1
shenpt2|0
chefmokshbatracooks|0
_.pennywiseiscoming4u._|0
ananya_kurada|0
tanaya_605|0
mysteriousammo|0
_induuuuu|0
adykai_priv|-1
doofheads617|0
lmfao_slugs_|0
leishachavan|1
aditi.p_09|-1
ahan_gupta_07|1
oreo_2316|1
vedmodikaura|0
gauri.padmanabhan|0
parth_h_143|0
vaishnavi.rajesh|0
aaryan0704|0
devanshm17|0
tarana_sandhya_ranganathan_|-1
maithreyakarthik|0
devanshgulati_|0
anjanaxr|0
mika_shenoy|0
yohaan.shelat|0
sabya_saach|0
harmeet_kaur_bajaj|1
_.anik3t|0
unmuteyourvideo|1
shreyskiii|0
sanjeet_565|0
asian_juices|0
allisonbailey742|-1
ksrtc_king_maga|-1
lily_the_retriever7|1
sociallyrejectedmood|0
suhaanihaque|0
_kiann.spam|0
adhavan_s_kumar|0
r_a_u_n_a_k._|0
taishajaswal|0
charl_w.26|0
sheena.bhatnagar|0
susanayesha|1
artist_madonnaisabella|0
kiann.39|0
shnz.izlost|0
sid_gops|0
rhea.rangarajan|0
pranavg2504|0
sai.xoxo152|0
sonalisaxena9510|0
is.haan7637|0
ayaanpanjwani|0
aali.ya1878|0
anika.hiremath|0
laddu_the_pupper|1
_muditphotography|1
aarush_27_2005|0
artsyashvi|0
avyakt_1590|0
jianaspamzzz|0
_ruhan_23_|0
jaiiitu_22|0
hauntedwaylien|0
reaganjosephtoji|1
hlohyo|0
_musical_boy_63825_|0
august555ghost|0
gay.yuu|1
bobnice123456|0
abhallama|0
dhruv_thimmaiah|0
saidutt.sr|1
chrisrozek2020|0
samara.prabhu|0
sudeepiyer05|0
aadarshshenoy|0
saach_drums|1
goodvibe86|1
trvlyvikram|1
devsinha481|0
_adithya_s6_|1
ayush_aripirala|1
isitsama|0
murthy_neha|0
taashviaggarwal|1
pihusrf|1
tanviabburi|1
selen_ophile107|1
aakash_vallepalli|1
bake_a_mita|-1
_tiabali1303|1
nm_ahuja|1
mehrsohal|0
anuha13|1
kriti_sarawgi|1
alaika.sridhar|0
_sc27_|0
howtodostuffthatyoualreadyknow|1
sanj_sings|1
neeti.xoxo|0
shreyasisareen|-1
ohyouarenana__123|0
abinav_06|1
aaheyyy_li|0
kushi_387|0
_suhanijain_|0
samahsyed_|1
tavisha.j|0
anoushka.manik|1
sarahssamad|-1
janhvi.agr|0
joanna_george_4|0
aansxoxo|0
snigdhaa._why|0
_arya_511|0
arushisharmagoyal|0
bharathbhargav_|0
_elisha170_|0
surabhi_119|0
azmaan2108|1
riyaa_privvv|0
_nethra_krishnan_|0
isha_2909|-1
kika_214_|0
karen21_fern|0
viswanath_missula|0
___sammyyyyyy____|1
prekshawade|1
anushree.arora2003|0
guhargoyal|0
cre8_a_cure|1
leya.k|0
aditri_sen_|1
preksha.mp4|0
chacha6_|1
projectonnn_bengaluru|1
aadi_1604|1
_maya9877_|0
adwicate|0
2004sahay|0
_.kair.a._|0
a_flying_aadit|0
_noordixit_|0
harshini.abburi|0
azhar21200222|0
i__am__bandana|1
offtim.e|0
satvikmakesmusic|1
shishirs_22|0
vasuchandran_amorphia|1
himesh_sinha|1
sahilkurien.08|0
sabya_spam|0
iishhka|0
rocknindia|1
vallabh_sivaprasad|1
var_un86|0
_stickika|1
rbnmathias|1
manav.callousmind|1
anukultriesmusic|1
_intergalacticspacebitch_|1
shubhamsalunkhe.wav|1
pranavsanjai_|1
suhas_vk|1
hrithikxbakaya|1
utkarshpant_|1
nirmitkukreja1|1
neevclassof22|1
sam31arth|1
_tarakapur|1
_shiv_26|1
maith1801|1
saniak3002|1
sanjith._.muthegere|1
cig_sandwich|1
bindumpillai|1
shubha.jain|1
iampradeepnr|1
k4kuly|1
aparna_7_|1
aryansinwal|1
anoushka_prabhu|-1
taaksh7|1
_vaishhhh_|1
charvi_anand.8|1
juhisurana|1
_._a.r.i.t.r.i_._|1
lopamahajan|1
_madhu.1411|1
meh_but_yeh|1
stiffandcold|1
var_5ha|1
vivekprasad91|1
thehandmadecompany_|1
devicvnt|-1
